Title,Invitation Type,Owner,Validity Date,Bussiness Classification,Procurement Type,Bussiness Field,Description,Attachment URL
Pengadaan Insulation Gasket Material untuk 2026 Foxtrot SS Replacement Project,Undangan Prakualifikasi,PT PERTAMINA EP,26 Mar 2025,Kecil,Barang,PERDAGANGAN BESAR BERBAGAI MACAM BARANG (SIUP-IUT-IUI-PROP KBLI 2020); PERTAMBANGAN MINYAK BUMI (SIUP-IUT-IUI-PROP KBLI 2020); PERDAGANGAN ECERAN MESIN LAINNYA DAN PERLENGKAPANNYA (SIUP-IUT-IUI-PROP KBLI 2020);,Untuk memenuhi kebutuhan penggantian Insulation Gasket Foxtrot SS Replacement Project (PHE ONWJ),"https://civdmigas.skkmigas.go.id/download/tnd/ann.jwebs?id=ba117981-6dff-46c4-a322-c5f1018fcf72, https://civdmigas.skkmigas.go.id/download/tnd/ann.jwebs?id=6181d63a-bcee-4493-afe4-9e6c9aa675fc"
PENYEDIAAN BARANG PRODUCTION EQUIPMENT,Undangan Prakualifikasi,JOB PERTAMINA-MEDCO E&P SIMENGGARIS,26 Mar 2025,"Besar, Menengah, Kecil",Barang,"PERDAGANGAN BESAR MESIN, PERALATAN DAN PERLENGKAPAN LAINNYA (SIUP-IUT-IUI-PROP KBLI 2020);",Tender ini dilakukan untuk memasok SPECTROPHOTOMETER untuk Untuk memastikan parameter produced water sebelum di evaporasi di wilayah kerja JOB Pertamina-Medco E&P Simenggaris,https://civdmigas.skkmigas.go.id/download/tnd/ann.jwebs?id=ab36c412-3243-4395-aa50-ebe85959a0d7
PENGADAAN PERALATAN WELL CONTROL RIG OWN FIELD PRABUMULIH,Undangan Prakualifikasi,PERTAMINA HULU ENERGI WMO,26 Mar 2025,Kecil,Barang,"PERDAGANGAN BESAR MESIN, PERALATAN DAN PERLENGKAPAN LAINNYA (SIUP-IUT-IUI-PROP KBLI 2020);",PENGADAAN PERALATAN WELL CONTROL RIG OWN FIELD PRABUMULIH,https://civdmigas.skkmigas.go.id/download/tnd/ann.jwebs?id=b2615d69-02b6-4928-bec9-369754f2e851
CS69677 : Provision of Oracle Database Software License & Maintenance Support Service,Undangan Prakualifikasi,PT MEDCO E&P INDONESIA,26 Mar 2025,"Besar, Menengah, Kecil",Jasa,PERDAGANGAN BESAR KOMPUTER DAN PERLENGKAPAN KOMPUTER (SIUP-IUT-IUI-PROP KBLI 2020); PERDAGANGAN BESAR PIRANTI LUNAK (SIUP-IUT-IUI-PROP KBLI 2020); AKTIVITAS TEKNOLOGI INFORMASI DAN JASA KOMPUTER LAINNYA (SIUP-IUT-IUI-PROP KBLI 2020);,Provision of Oracle Database Software License & Maintenance Support Service,https://civdmigas.skkmigas.go.id/download/tnd/ann.jwebs?id=1003e6fa-8857-48c2-b1c2-0099adc0f80f
PEMELIHARAAN GAS ENGINE WAUKESHA DI PT PERTAMINA EP ZONA 4 PENDOPO FIELD,Undangan Prakualifikasi,PERTAMINA HULU ENERGI WMO,26 Mar 2025,"Besar, Menengah",Jasa,"PERDAGANGAN BESAR MESIN, PERALATAN DAN PERLENGKAPAN LAINNYA (SIUP-IUT-IUI-PROP KBLI 2020); REPARASI MESIN UNTUK KEPERLUAN KHUSUS (SIUP-IUT-IUI-PROP KBLI 2020);",Jasa Pemeliharaan Rutin dan Non Rutin/Troubleshooting unit Gas Engine Waukesha tipe L7044 GSI dan L5794 GSI beserta Tenaga Kerja dan Peralatan Kerja untuk wilayah kerja SKG Beringin dan SPG Merbau di Pendopo Field,https://civdmigas.skkmigas.go.id/download/tnd/ann.jwebs?id=102edca6-4aa3-4e39-b2ac-6dd206d3e814
"JASA SERTIFIKASI, INSPEKSI DAN ASSESSMENT PERALATAN FASILITAS PRODUKSI SECARA CALL OFF ORDER DI PT.",Undangan Prakualifikasi,PERTAMINA HULU ENERGI WMO,26 Mar 2025,"Besar, Menengah, Kecil",Jasa,JASA INSPEKSI PERIODIK (SIUP-IUT-IUI-PROP KBLI 2020); JASA SERTIFIKASI (SIUP-IUT-IUI-PROP KBLI 2020); JASA INSPEKSI TEKNIK INSTALASI (SIUP-IUT-IUI-PROP KBLI 2020);,"JASA SERTIFIKASI, INSPEKSI DAN ASSESSMENT PERALATAN FASILITAS PRODUKSI SECARA CALL OFF ORDER DI PT. PERTAMINA EP LIMAU FIELD",https://civdmigas.skkmigas.go.id/download/tnd/ann.jwebs?id=ed6cac85-1c99-471e-9f9e-10e5f7266eb5
Prakualifikasi No. SX14049141A : Pengadaan Jasa Kapal Crew Boat 40 Pax,Undangan Prakualifikasi,PT PERTAMINA HULU MAHAKAM,26 Mar 2025,"Besar, Menengah",Jasa,ANGKUTAN LAUT PERAIRAN PELABUHAN DALAM NEGERI UNTUK PENUMPANG (SIUP-IUT-IUI-PROP KBLI 2020); ANGKUTAN LAUT DALAM NEGERI UNTUK BARANG KHUSUS (SIUP-IUT-IUI-PROP KBLI 2020); AKTIVITAS PENGELOLAAN KAPAL (SIUP-IUT-IUI-PROP KBLI 2020);,"Gol. Usaha : Usaha Menengah, Besar, Batasan Minimal TKDN : 85%, Risiko Pekerjaan : Tinggi, Domisili Calon Peserta Tender : Tidak ditentukan",https://civdmigas.skkmigas.go.id/download/tnd/ann.jwebs?id=256f04c2-9213-487e-b20f-96d7507f70d9
Provision of Independent Safety and Environmental (ISE) Consultancy Services,Undangan Prakualifikasi,PREMIER OIL NATUNA SEA B.V.,26 Mar 2025,Menengah,Jasa,"AKTIVITAS PROFESIONAL, ILMIAH DAN TEKNIS LAINNYA YTDL (SIUP-IUT-IUI-PROP KBLI 2020); AKTIVITAS KONSULTASI MANAJEMEN LAINNYA (SIUP-IUT-IUI-PROP KBLI 2020); AKTIVITAS PENUNJANG PERTAMBANGAN MINYAK BUMI DAN GAS ALAM (SIUP-IUT-IUI-PROP KBLI 2020);","POTBV membutuhkan penyedia barang/jasa yang memenuhi kualifikasi dan berpengalaman untuk mengerjakan Safety and Environmental (ISE) Consultancy Services untuk fasilitas minyak dan gas lepas pantai, yaitu FPSO dan Fixed Infrastructure",https://civdmigas.skkmigas.go.id/download/tnd/ann.jwebs?id=f44c40a7-2018-4bc9-9198-1ba9c5460b0a
Wellbore Cleanout Services,Undangan Prakualifikasi,PT PERTAMINA EP,27 Mar 2025,"Besar, Menengah, Kecil",Jasa,AKTIVITAS PENUNJANG PERTAMBANGAN MINYAK BUMI DAN GAS ALAM (SIUP-IUT-IUI-PROP KBLI 2020);,"âWellbore Cleanout Services"" merupakan jasa untuk mendukung operasi Drilling & Workover PHE ONWJ. Calon Peserta Tender akan menyediakan peralatan Wellbore Clean Out , BOP Clean Out dan Multicycle Valve beserta servisnya di lokasi sumur.","https://civdmigas.skkmigas.go.id/download/tnd/ann.jwebs?id=06039027-24f3-497b-a03d-35aaeeee82a8, https://civdmigas.skkmigas.go.id/download/tnd/ann.jwebs?id=230fd97b-0c46-49d9-bce2-ad4414e603e9"
Prakualifikasi No. SX14049153A : Handil Inter Well Tracer Study Phase 2,Undangan Prakualifikasi,PT PERTAMINA HULU MAHAKAM,26 Mar 2025,"Besar, Menengah, Kecil",Jasa,AKTIVITAS PENUNJANG PERTAMBANGAN MINYAK BUMI DAN GAS ALAM (SIUP-IUT-IUI-PROP KBLI 2020);,"Gol. Usaha : Usaha Kecil, Menengah, Besar, Batasan Minimal TKDN : 35%, Risiko Pekerjaan : Sedang, Domisili Calon Peserta Tender : Tidak ditentukan","https://civdmigas.skkmigas.go.id/download/tnd/ann.jwebs?id=7e7918eb-ec89-4c1f-9f2d-d00e6b594178, https://civdmigas.skkmigas.go.id/download/tnd/ann.jwebs?id=cd364a4f-ba65-4610-a2fd-9987963fa627"
Prakualifikasi No. SX14049174A : Pengadaan Jasa Kapal Work Vessel,Undangan Prakualifikasi,PT PERTAMINA HULU MAHAKAM,26 Mar 2025,"Besar, Menengah",Barang,AKTIVITAS PENGELOLAAN KAPAL (SIUP-IUT-IUI-PROP KBLI 2020); ANGKUTAN LAUT DALAM NEGERI UNTUK BARANG KHUSUS (SIUP-IUT-IUI-PROP KBLI 2020);,"Gol. Usaha : Usaha Menengah, Besar, Batasan Minimal TKDN : 85%, Risiko Pekerjaan : Tinggi, Domisili Calon Peserta Tender : Tidak ditentukan","https://civdmigas.skkmigas.go.id/download/tnd/ann.jwebs?id=18a68ebd-b858-4d04-8a54-4f2bfe5228c0, https://civdmigas.skkmigas.go.id/download/tnd/ann.jwebs?id=6833cc5a-1aa9-4873-856e-d496744c685d"
CS69388 : GPS RENTAL & MAINTENANCE SERVICES,Undangan Prakualifikasi,PT MEDCO E&P INDONESIA,26 Mar 2025,"Besar, Menengah",Jasa,PERDAGANGAN BESAR PIRANTI LUNAK (SIUP-IUT-IUI-PROP KBLI 2020); PERDAGANGAN BESAR KOMPUTER DAN PERLENGKAPAN KOMPUTER (SIUP-IUT-IUI-PROP KBLI 2020); AKTIVITAS TEKNOLOGI INFORMASI DAN JASA KOMPUTER LAINNYA (SIUP-IUT-IUI-PROP KBLI 2020);,GPS RENTAL & MAINTENANCE SERVICES,https://civdmigas.skkmigas.go.id/download/tnd/ann.jwebs?id=4915b474-d993-4dfa-98ff-308d16301d08
Prakualifikasi No. SX14049245A : Swamp Rig Site Preparation Services for Mahakam Area,Undangan Prakualifikasi,PT PERTAMINA HULU MAHAKAM,26 Mar 2025,"Besar, Menengah, Kecil",Jasa,PENYIAPAN LAHAN (SIUP-IUT-IUI-PROP KBLI 2020); AKTIVITAS PENUNJANG PERTAMBANGAN MINYAK BUMI DAN GAS ALAM (SIUP-IUT-IUI-PROP KBLI 2020);,"Gol. Usaha : Usaha Kecil, Menengah, Besar, Batasan Minimal TKDN : 80%, Risiko Pekerjaan : Tinggi, Domisili Calon Peserta Tender : Tidak ditentukan","https://civdmigas.skkmigas.go.id/download/tnd/ann.jwebs?id=3835ea58-ce18-41df-a210-2110be2236eb, https://civdmigas.skkmigas.go.id/download/tnd/ann.jwebs?id=314a8b5e-d09a-4c01-9f5a-e1196b3026ed"
Purchase of Seal Tubing,Undangan Prakualifikasi,EMP BENTU LIMITED,26 Mar 2025,"Besar, Menengah, Kecil",Barang,INDUSTRI MESIN UNTUK KEPERLUAN UMUM LAINNYA YTDL (SIUP-IUT-IUI-PROP KBLI 2020); INDUSTRI BARANG DARI KARET UNTUK KEPERLUAN INDUSTRI (SIUP-IUT-IUI-PROP KBLI 2020);,"Kontraktor menyediakan Seal Tubing Hanger 11"" SAU berjumlah 5 EA, dengan periode kontrak selama 3 bulan dan batasan minimal TKDN sebesar 25%. Periode Pengiriman adalah 1-2 minggu setelah pemesanan dengan lokasi pengiriman di Warehouse GS Batang (Siak).","https://civdmigas.skkmigas.go.id/download/tnd/ann.jwebs?id=bd39432f-e97a-43ac-9fa7-c3f1d94eda14, https://civdmigas.skkmigas.go.id/download/tnd/ann.jwebs?id=0491e1e8-9ac7-4be1-8ed0-230cb608b8e3"
Smart Pigging Inspection Services,Undangan Prakualifikasi,PT PERTAMINA HULU MAHAKAM,27 Mar 2025,"Besar, Menengah",Jasa,REPARASI PERALATAN LAINNYA (SIUP-IUT-IUI-PROP KBLI 2020);,"Perusahaan membutuhkan Jasa Kontraktor untuk melakukan konsultasi, mengumpulkan data yang dibutuhkan, melakukan program progressive cleaning pigging, melakukan survei geometri, melakukan inspeksi, survei, review, menilai, beserta evaluasi",https://civdmigas.skkmigas.go.id/download/tnd/ann.jwebs?id=7db293e5-bf47-4129-b4c4-ec9688957f25
Pengadaan Chelating Agent Untuk Sulfur Recovery Unit (SRU) di PT Pertamina EP Sukowati Field,Undangan Prakualifikasi,PT PERTAMINA EP CEPU,27 Mar 2025,"Besar, Menengah, Kecil",Barang,INDUSTRI KIMIA DASAR ORGANIK YANG MENGHASILKAN BAHAN KIMIA KHUSUS (SIUP-IUT-IUI-PROP KBLI 2020);,"Pengadaan Chelating Agent secara Call Of Order (COO) untuk penunjang operasional Sulfur Recovery Unit (SRU) di PT Pertamina EP Sukowati Field dalam memproses gas sweetening pada SRU yang digunakan sebagai bahan bakar power generator, proses crude sweeteni","https://civdmigas.skkmigas.go.id/download/tnd/ann.jwebs?id=ab92b2e5-6c8b-437a-9f8a-cacaea8f036f, https://civdmigas.skkmigas.go.id/download/tnd/ann.jwebs?id=4fd52585-c345-43c1-9088-4cc4c1996ea2"
PENGADAAN SPAREPART OVERHAUL ENGINE ARROW VR330 A54,Undangan Prakualifikasi,PERTAMINA HULU ENERGI WMO,26 Mar 2025,Kecil,Barang,"PERDAGANGAN BESAR MESIN, PERALATAN DAN PERLENGKAPANNYA (SIUP-IUT-IUI-PROP KBLI 2020); PERDAGANGAN BESAR BERBAGAI MACAM BARANG (SIUP-IUT-IUI-PROP KBLI 2020);",Kebutuhan Material Samudra Energy BWPMeruap berupa Sparepart Overhaul Engine ARROW VR330 A54,https://civdmigas.skkmigas.go.id/download/tnd/ann.jwebs?id=76ff101a-a22c-4d7c-90ab-bd147601d2a0
PENYEDIAAN JASA TENAGA AHLI DAN SUPPORT SERVICE FUNGSI DRILING DI WILAYAH KERJA PT. PERTAMINA EP ZON,Undangan Prakualifikasi,PERTAMINA HULU ENERGI WMO,25 Mar 2025,"Besar, Menengah",Jasa,AKTIVITAS PENEMPATAN TENAGA KERJA (SIUP-IUT-IUI-PROP KBLI 2020); AKTIVITAS PENYEDIAAN TENAGA KERJA WAKTU TERTENTU (SIUP-IUT-IUI-PROP KBLI 2020); PENYEDIAAN SUMBER DAYA MANUSIA DAN MANAJEMEN FUNGSI SUMBER DAYA MANUSIA (SIUP-IUT-IUI-PROP KBLI 2020);,PENYEDIAAN JASA TENAGA AHLI DAN SUPPORT SERVICE FUNGSI DRILING DI WILAYAH KERJA PT. PERTAMINA EP ZONA 4 SELAMA 2 TAHUN,https://civdmigas.skkmigas.go.id/download/tnd/ann.jwebs?id=50a63d2c-6299-46c6-8967-e3dc02a7241b
"JASA REDRESS, REPAIR, DAN RESPECIFICATION PACKER DI PT PERTAMINA EP ZONA 4 SELAMA 2 (DUA) TAHUN",Undangan Prakualifikasi,PERTAMINA HULU ENERGI WMO,25 Mar 2025,Besar,Jasa,"INDUSTRI MESIN PENAMBANGAN, PENGGALIAN DAN KONSTRUKSI (SIUP-IUT-IUI-PROP KBLI 2020); AKTIVITAS PENUNJANG PERTAMBANGAN MINYAK BUMI DAN GAS ALAM (SIUP-IUT-IUI-PROP KBLI 2020);","JASA REDRESS, REPAIR, DAN RESPECIFICATION PACKER DI PT PERTAMINA EP ZONA 4 SELAMA 2 (DUA) TAHUN",https://civdmigas.skkmigas.go.id/download/tnd/ann.jwebs?id=d4ce342a-4ef1-4aed-af87-f177f50eb668
Penyediaan Material Alat Pelindung Diri (APD) Berdasarkan Panggilan (Call Of Order),Pelelangan Umum,PT PERTAMINA HULU MAHAKAM,25 Mar 2025,Kecil,Barang,"INDUSTRI PERALATAN UNTUK PELINDUNG KESELAMATAN (SIUP-IUT-IUI-PROP KBLI 2020); PERDAGANGAN BESAR MESIN, PERALATAN DAN PERLENGKAPAN LAINNYA (SIUP-IUT-IUI-PROP KBLI 2020); PERDAGANGAN BESAR BERBAGAI MACAM BARANG (SIUP-IUT-IUI-PROP KBLI 2020);","Batasan Minimal TKDN : 0% Resiko Pekerjaan : Rendah Domisili Calon Peserta Tender : Provinsi Setempat Yaitu, Kalimantan Timur","https://civdmigas.skkmigas.go.id/download/tnd/ann.jwebs?id=8805affe-412e-4701-a452-373281597bb3, https://civdmigas.skkmigas.go.id/download/tnd/ann.jwebs?id=e5147bf5-d25d-4f88-be1b-65c36af8ea49"
PHKT : Prakualifikasi No. PQ16057495A - Jasa Perbaikan dan Rewinding Motor Listrik dan Generator,Undangan Prakualifikasi,PT PERTAMINA HULU MAHAKAM,25 Mar 2025,Revisi,Kecil,"REPARASI MOTOR LISTRIK, GENERATOR DAN TRANSFORMATOR (SIUP-IUT-IUI-PROP KBLI 2020);",Melakukan perbaikan dan/atau rewinding motor listrik dan generator yang digunakan pada sistem permukaan produksi minyak dan gas bumi serta menyediakan personel panggilan untuk menangani masalah-masalah khusus pada motor listrik dan generator.,https://civdmigas.skkmigas.go.id/download/tnd/ann.jwebs?id=423d0090-77ab-4310-a7fb-562fa3aed416
Additional Sales Gas Line Facility for Buyer,Undangan Prakualifikasi,TIS PETROLEUM E&P BLORA PTE. LTD.,25 Mar 2025,"Besar, Menengah, Kecil",Barang dan Jasa,Jasa Terintegrasi Untuk Konstruksi Fasilitas Minyak dan Gas (SIUJK Permen 8 2011);,Untuk memenuhi komitmen kepada Buyer CNG dalam rangka penyediaan fasilitas dari downstream gas meter existing menuju titik Tie-in Point buyer CNG,https://civdmigas.skkmigas.go.id/download/tnd/ann.jwebs?id=6fcd8dba-1165-4368-80e3-267aafd16775
JASA PENYEDIAAN DAN PENGOPERASIAN RIG 250 HP UNTUK KEGIATAN WORKOVER DAN WELL SERVICES DI ZONA 1 FIE,Undangan Prakualifikasi,PERTAMINA HULU ENERGI WMO,25 Mar 2025,Revisi,Menengah,AKTIVITAS PENUNJANG PERTAMBANGAN MINYAK BUMI DAN GAS ALAM (SIUP-IUT-IUI-PROP KBLI 2020);,JASA PENYEDIAAN DAN PENGOPERASIAN RIG 250 HP UNTUK KEGIATAN WORKOVER DAN WELL SERVICES DI ZONA 1 FIELD PANGKALAN SUSU PT PERTAMINA EP SELAMA 2 TAHUN,https://civdmigas.skkmigas.go.id/download/tnd/ann.jwebs?id=0f7d91b6-7efe-42fd-8536-6b1c8813c4f2
Addtional Back Up Stream Gas Custody Metering System,Undangan Prakualifikasi,TIS PETROLEUM E&P BLORA PTE. LTD.,25 Mar 2025,"Besar, Menengah, Kecil",Barang dan Jasa,"Jasa Desain Rekayasa Lainnya (SIUJK LPJK No 4 2017); Jasa Pelaksana Konstruksi Instalasi Thermal, Bertekanan, Minyak, Gas, Geothermal (Pekerjaan Rekayasa) (SIUJK Permen 8 2011); AKTIVITAS PENUNJANG PERTAMBANGAN MINYAK BUMI DAN GAS ALAM (SIUP-IUT-IUI-PROP KBLI 2017);","Untuk mendukung kegiatan operations, dalam memenuhi komitmen kepada Buyer CNG dalam rangka penyediaan fasilitas back up pengukuran sales gas di fasilitas produksi.",https://civdmigas.skkmigas.go.id/download/tnd/ann.jwebs?id=40f14faf-fb05-402a-92b8-aa306fb25e16
BG69664 : GRAVEL,Undangan Prakualifikasi,PT MEDCO E&P INDONESIA,26 Mar 2025,Kecil,Barang,"PERDAGANGAN BESAR SEMEN, KAPUR, PASIR DAN BATU (SIUP-IUT-IUI-PROP KBLI 2020);",GRAVEL,https://civdmigas.skkmigas.go.id/download/tnd/ann.jwebs?id=fc43ae0b-0cae-4e26-bb0d-36c9bf3d8b60
"ROD PUMP, HYDRAULIC PUMPING UNIT EQUIPMENT RENTAL AND SERVICES",Undangan Prakualifikasi,PETROCHINA INTERNATIONAL JABUNG LTD.,25 Mar 2025,Besar,Jasa,AKTIVITAS JASA PERORANGAN LAINNYA YTDL (SIUP-IUT-IUI-PROP KBLI 2020);,"- Menyediakan penyewaan peralatan dan jasa Sucker Rod Pump and Hydraulic Pumping. - Menyediakan jasa termasuk, pemasangan, pencabutan, pemasangan ulang, pemeliharaan preventif, pemantauan, pemecahan masalah, material, kenkendaraan roda empat dan personil",https://civdmigas.skkmigas.go.id/download/tnd/ann.jwebs?id=e5e79e9f-0b7e-4ffa-a56b-84dc69fcb7b1
Pengadaan Jasa Helikopter - Tender No. SA04046304A,Undangan Prakualifikasi,PT PERTAMINA HULU MAHAKAM,26 Mar 2025,Besar,Jasa,ANGKUTAN UDARA NIAGA TIDAK BERJADWAL DALAM NEGERI UNTUK PENUMPANG ATAU PENUMPANG DAN KARGO (SIUP-IUT-IUI-PROP KBLI 2020);,"Perusahaan membutuhkan jasa helikopter yang akan difungsikan untuk penerbangan kedaruratan (Medevac/TEA/CEA), pencarian dan penyelamatan terbatas (limited SAR), Management/VIP flight, serta kebutuhan lainnya.",https://civdmigas.skkmigas.go.id/download/tnd/ann.jwebs?id=da2dc660-358b-4809-8b99-534496b298a6
Kontrak Payung Survey Geodetik Dan Penyelidikan Tanah Zona 9,Pelelangan Umum,PT PERTAMINA HULU MAHAKAM,26 Mar 2025,"Besar, Menengah",Jasa,"AKTIVITAS KONSULTASI MANAJEMEN LAINNYA (SIUP-IUT-IUI-PROP KBLI 2020); AKTIVITAS KEINSINYURAN DAN KONSULTASI TEKNIS YBDI (SIUP-IUT-IUI-PROP KBLI 2020); AKTIVITAS PROFESIONAL, ILMIAH DAN TEKNIS LAINNYA YTDL (SIUP-IUT-IUI-PROP KBLI 2020); JASA PENGUJIAN LABORATORIUM (SIUP-IUT-IUI-PROP KBLI 2020);","PERUSAHAAN membutuhkan KONTRAKTOR untuk menyediakan jasa-jasa survei dan pekerjaan rekayasa sipil yang diuraikan dalam ketentuan-ketentuan dibawah ini, yang berhubungan dengan aktifitas pendukung lokasi pengeboran di Wilayah Operasi PERUSAHAAN di Kal-Tim",https://civdmigas.skkmigas.go.id/download/tnd/ann.jwebs?id=173f6030-05f2-4a0d-b33d-034a64d66554
Provision of Sebuku Data Relinquishment Services,Undangan Prakualifikasi,MUBADALA ENERGY (SEBUKU) LTD,25 Mar 2025,Revisi,,AKTIVITAS TEKNOLOGI INFORMASI DAN JASA KOMPUTER LAINNYA (SIUP-IUT-IUI-PROP KBLI 2020); AKTIVITAS PENGOLAHAN DATA (SIUP-IUT-IUI-PROP KBLI 2020); AKTIVITAS JASA INFORMASI LAINNYA YTDL (SIUP-IUT-IUI-PROP KBLI 2020); AKTIVITAS TEKNOLOGI INFORMASI DAN JASA KOMPUTER LAINNYA (SIUP-IUT-IUI-PROP KBLI 2020); AKTIVITAS JASA INFORMASI LAINNYA YTDL (SIUP-IUT-IUI-PROP KBLI 2020); AKTIVITAS KONSULTASI MANAJEMEN LAINNYA (SIUP-IUT-IUI-PROP KBLI 2020);,"Contractor to ensure compliance and efficiency, the company seeks an experienced contractor to deliver professional services throughout the entire process from preparation to the final data acceptance by the Government Data Center Agency (Migas-Pusdatin)",https://civdmigas.skkmigas.go.id/download/tnd/ann.jwebs?id=1da88d81-840d-40cc-ba20-8bc2b6e16a1c
Provision of Rig Positioning Services,Undangan Prakualifikasi,PT PERTAMINA EP CEPU,25 Mar 2025,"Besar, Menengah, Kecil",Jasa,AKTIVITAS PENUNJANG PERTAMBANGAN MINYAK BUMI DAN GAS ALAM (SIUP-IUT-IUI-PROP KBLI 2020); AKTIVITAS KEINSINYURAN DAN KONSULTASI TEKNIS YBDI (SIUP-IUT-IUI-PROP KBLI 2020);,"Perusahaan membutuhkan kontrak Provision of Rig Positioning Services untuk mendukung kegiatan Well Service, Well Intervention dan Workover di PT Pertamina EP (Poleng Field) dan PT Pertamina Hulu Energi West Madura Offshore (PHE WMO)",https://civdmigas.skkmigas.go.id/download/tnd/ann.jwebs?id=cac0d019-c0be-49c7-8e9e-f30dcbbdf4a1
Provision of Environmental Performance and Reporting Program,Undangan Prakualifikasi,PREMIER OIL NATUNA SEA B.V.,26 Mar 2025,"Besar, Menengah, Kecil",Jasa,AKTIVITAS KONSULTASI MANAJEMEN (SIUP-IUT-IUI-PROP KBLI 2020); JASA PENGUJIAN LABORATORIUM (SIUP-IUT-IUI-PROP KBLI 2020); AKTIVITAS PENUNJANG PERTAMBANGAN MINYAK BUMI DAN GAS ALAM (SIUP-IUT-IUI-PROP KBLI 2020);,"PONSBV memerlukan Kontraktor yang berkualifikasi dan berpengalaman untuk mendukung PONSBV memperoleh izin dan laporan yang diperlukan mengenai lingkungan hidup yang ada selama operasi termasuk namun tidak terbatas pada laporan pemetaan sosial, laporan",https://civdmigas.skkmigas.go.id/download/tnd/ann.jwebs?id=fd56970e-1e31-4bc9-ad9a-75a65ef1e891
Sewa Layanan Sistem Transmisi Radio - Tender No. SX040049118A,Undangan Prakualifikasi,PT PERTAMINA HULU MAHAKAM,25 Mar 2025,"Besar, Menengah",Jasa,PERDAGANGAN BESAR PERALATAN TELEKOMUNIKASI (SIUP-IUT-IUI-PROP KBLI 2020); JASA SISTEM KOMUNIKASI DATA (SIUP-IUT-IUI-PROP KBLI 2020); AKTIVITAS PEMROGRAMAN KOMPUTER LAINNYA (SIUP-IUT-IUI-PROP KBLI 2020);,"Sewa Layanan Radio Transmisi Sistem, yang meliputi system, perangkat (perangkat indoor/outdoor, LAN, Rack, UPS & telephone set) dan aksesoris pendukung serta ijin frekuensi di wilayah kerja PT Pertamina Hulu Mahakam (PHM) dan PT Pertamina Hulu Sanga San",https://civdmigas.skkmigas.go.id/download/tnd/ann.jwebs?id=bfe51453-ff56-4131-a431-43b82289fc7a
Jasa EPCI Batang Wash Tank Development,Undangan Prakualifikasi,EMP BENTU LIMITED,27 Mar 2025,"Besar, Menengah",Jasa,"INSTALASI MINYAK DAN GAS (SIUP-IUT-IUI-PROP KBLI 2020); Jasa Pelaksana Konstruksi Instalasi Fasilitas Produksi, Penyimpanan Minyak dan Gas( Pekerjaan Rekayasa) (SIUJK Permen 8 2011); INDUSTRI BARANG LOGAM SIAP PASANG UNTUK BANGUNAN, TANGKI, TANDON AIR DAN GENERATOR UAP (SIUP-IUT-IUI-PROP KBLI 2020);","jasa-jasa pembangunan Wash Tank tambahan di GS Batang lengkap dengan modifikasi fondasi, sistem perpipaan dan instrumentasi dengan perincian pekerjaan: Detail Engineering Design, Material Procurement, Installation, Commissioning, Sertifikasi (COI dan PLO)",https://civdmigas.skkmigas.go.id/download/tnd/ann.jwebs?id=e92b6d7a-0cd0-495e-b4e4-150c06bbd759
Wells Engineering and Project Management Services,Undangan Prakualifikasi,INPEX MASELA LTD.,25 Mar 2025,"Besar, Menengah",Jasa,AKTIVITAS KONSULTASI MANAJEMEN LAINNYA (SIUP-IUT-IUI-PROP KBLI 2020); AKTIVITAS KEINSINYURAN DAN KONSULTASI TEKNIS YBDI (SIUP-IUT-IUI-PROP KBLI 2020);,Contractor shall provide Wells Engineering and Project Management services to evaluate planning of Deepwater Wells Development Project.,https://civdmigas.skkmigas.go.id/download/tnd/ann.jwebs?id=9614ca86-046d-4c3b-b3de-e59bfcfb578a
CS69733 : Storage Tank Cleaning Services,Undangan Prakualifikasi,PT MEDCO E&P INDONESIA,25 Mar 2025,"Besar, Menengah",Jasa,INSTALASI/PEMASANGAN MESIN DAN PERALATAN INDUSTRI (SIUP-IUT-IUI-PROP KBLI 2020); INSTALASI MINYAK DAN GAS (SIUP-IUT-IUI-PROP KBLI 2020); PERDAGANGAN BESAR BAHAN DAN BARANG KIMIA (SIUP-IUT-IUI-PROP KBLI 2020);,Storage Tank Cleaning Services,https://civdmigas.skkmigas.go.id/download/tnd/ann.jwebs?id=c76ce633-1b69-4ef5-bfa1-0990b4a38c14
Prakualifikasi No. SX04049051A: Jasa Pekerjaan Technical Services Subsurface and Surface Asset,Undangan Prakualifikasi,PT PERTAMINA HULU MAHAKAM,26 Mar 2025,Kecil,Jasa,"AKTIVITAS PENGOLAHAN DATA (SIUP-IUT-IUI-PROP KBLI 2020); AKTIVITAS PENGOLAHAN DATA, HOSTING DAN KEGIATAN YBDI; PORTAL WEB (SIUP-IUT-IUI-PROP KBLI 2020); AKTIVITAS KONSULTASI MANAJEMEN (SIUP-IUT-IUI-PROP KBLI 2020); AKTIVITAS KONSULTASI MANAJEMEN LAINNYA (SIUP-IUT-IUI-PROP KBLI 2020);","Perusahaan memerlukan jasa technical services untuk mendukung kegiatan pengelolaan dan pemeliharaan data teknis migas, lisensi aplikasi petroteknikal",https://civdmigas.skkmigas.go.id/download/tnd/ann.jwebs?id=56d02b0f-04dc-44b1-a5e1-142add1eea26
Jasa Pemeliharaan AC & HVAC di Donggi Matindok Field,Undangan Prakualifikasi,PT PERTAMINA EP CEPU,26 Mar 2025,Kecil,Jasa,INSTALASI PENDINGIN DAN VENTILASI UDARA (SIUP-IUT-IUI-PROP KBLI 2020);,- Pekerjaan Persiapan - Maintenance Work - Penyediaan Spare Part & Tools Support - Workshop & Development,"https://civdmigas.skkmigas.go.id/download/tnd/ann.jwebs?id=ce7d6990-50ce-48c0-8f39-2d42d662e478, https://civdmigas.skkmigas.go.id/download/tnd/ann.jwebs?id=3f0a4042-d57e-432e-98b5-87cd245b4c88"
"[PHKT] PQ No. PQ16049170A : Tubular Inspection, Maintenance And Pipe Yard Management",Undangan Prakualifikasi,PT PERTAMINA HULU MAHAKAM,25 Mar 2025,"Besar, Menengah",Jasa,"ANALISIS DAN UJI TEKNIS LAINNYA (SIUP-IUT-IUI-PROP KBLI 2020); JASA COMMISSIONING PROSES INDUSTRIAL, QUALITY ASSURANCE (QA), DAN QUALITY CONTROL (QC) (SIUP-IUT-IUI-PROP KBLI 2020); JASA INSPEKSI PERIODIK (SIUP-IUT-IUI-PROP KBLI 2020);","Golongan Usaha: Usaha Menengan/Usaha Besar, Batasan Min. TKDN: 70%, Domisili Calon Peserta Tender: Tidak ditentukan.",https://civdmigas.skkmigas.go.id/download/tnd/ann.jwebs?id=f73499c3-f4db-4d97-9a24-7c8d18fb4417
CS69680 : Tubular Running Services,Undangan Prakualifikasi,PT MEDCO E&P INDONESIA,08 Apr 2025,Besar,Jasa,AKTIVITAS PENUNJANG PERTAMBANGAN MINYAK BUMI DAN GAS ALAM (SIUP-IUT-IUI-PROP KBLI 2020);,Tubular Running Services,https://civdmigas.skkmigas.go.id/download/tnd/ann.jwebs?id=b4f869b7-2c4d-4086-ad96-d088d608782d
JASA PENGEMBANGAN PROGRAM KERJA DAN PEMANTAUAN KUALITAS PERENCANAAN DAN DESAIN PROYEK ZONA 4 PT PER,Undangan Prakualifikasi,PERTAMINA HULU ENERGI WMO,25 Mar 2025,"Besar, Menengah",Jasa,Jasa Pengawas Pekerjaan Konstruksi dan Instalasi Proses dan Fasilitas Industri (SIUJK LPJK No 4 2017); AKTIVITAS PENYEDIAAN TENAGA KERJA WAKTU TERTENTU (SIUP-IUT-IUI-PROP KBLI 2020); AKTIVITAS KONSULTASI MANAJEMEN (SIUP-IUT-IUI-PROP KBLI 2020);,"Pekerjaan Jasa Pengembangan Program Kerja, Pemantauan Kualitas Perencanaan, dan Desain Proyek sebagian pekerjaan yang diserahkan kepada Pihak Kedua dalam Penyediaan Tenaga Kerja Penunjang untuk membantu pekerjaan fungsi Project di PT. Pertamina EP Zona 4",https://civdmigas.skkmigas.go.id/download/tnd/ann.jwebs?id=b4fd729d-c79b-4f34-98f1-bca0b6d3030e
Provision of Car Rental and Fleet Management Services,Undangan Prakualifikasi,PREMIER OIL NATUNA SEA B.V.,26 Mar 2025,"Besar, Menengah",Jasa,"AKTIVITAS PENYEWAAN DAN SEWA GUNA USAHA TANPA HAK OPSI MOBIL, BUS, TRUK DAN SEJENISNYA (SIUP-IUT-IUI-PROP KBLI 2020); ANGKUTAN DARAT LAINNYA UNTUK PENUMPANG (SIUP-IUT-IUI-PROP KBLI 2020);","PONSBV, POTBV dan POAL memerlukan Kontraktor yang berkualifikasi dan berpengalaman yang dapat menyediakan jasa sewa mobil dan manajemen kendaraan untuk periode 48 (empat puluh delapan) bulan.",https://civdmigas.skkmigas.go.id/download/tnd/ann.jwebs?id=24059bb2-c8ea-44e1-acc8-0480f597c311
CS69679 : Solid Control Equipment and Services,Undangan Prakualifikasi,PT MEDCO E&P INDONESIA,26 Mar 2025,Besar,Jasa,AKTIVITAS PENUNJANG PERTAMBANGAN MINYAK BUMI DAN GAS ALAM (SIUP-IUT-IUI-PROP KBLI 2020);,Solid Control Equipment and Services,https://civdmigas.skkmigas.go.id/download/tnd/ann.jwebs?id=0167f992-db32-453a-b33d-5007e0586c29
PROVISION OF GENERAL IT SUPPLIES â CALL OUT BASIS,Undangan Prakualifikasi,Kufpec Indonesia (Anambas) B.V.,24 Mar 2025,"Besar, Menengah, Kecil",Barang,"PERDAGANGAN ECERAN BUKAN DI TOKO, KAKI LIMA DAN LOS PASAR (SIUP-IUT-IUI-PROP KBLI 2020);","COMPANY requires CONTRACTOR to provide general IT supplies, including but not limited to storage devices, mobile devices, Hard disk and accessories, as per COMPANYâs requirements to support COMPANYâS daily activities on call out basis.",https://civdmigas.skkmigas.go.id/download/tnd/ann.jwebs?id=60e2ea23-3d92-411d-8a00-4aeb08edfd99
JASA PERAWATAN INSTALASI LISTRIK SECARA CALL OFF ORDER (COO) DI PENDOPO FIELD PERTAMINA EP ZONA 4,Undangan Prakualifikasi,PERTAMINA HULU ENERGI WMO,24 Mar 2025,Kecil,Jasa,PENUNJANG TENAGA LISTRIK (SIUP-IUT-IUI-PROP KBLI 2020); INSTALASI LISTRIK (SIUP-IUT-IUI-PROP KBLI 2020); INSTALASI SISTEM KELISTRIKAN (SIUP-IUT-IUI-PROP KBLI 2020); INSTALASI ELEKTRONIKA (SIUP-IUT-IUI-PROP KBLI 2020);,JASA PERAWATAN INSTALASI LISTRIK SECARA CALL OFF ORDER (COO) DI PENDOPO FIELD PERTAMINA EP ZONA 4,https://civdmigas.skkmigas.go.id/download/tnd/ann.jwebs?id=4e7e7641-b4aa-419d-9f5c-e98bd6d944bb
PENYEDIAAN 1 (SATU) UNIT PERANGKAT PEMBORAN KAPASITAS MINIMUM 550 HP UNTUK PEMBORAN SUMUR DI WILAYAH,Undangan Prakualifikasi,PERTAMINA HULU ENERGI WMO,24 Mar 2025,Besar,Jasa,"PERTAMBANGAN MINYAK BUMI (SIUP-IUT-IUI-PROP KBLI 2020); PERDAGANGAN BESAR MESIN, PERALATAN DAN PERLENGKAPAN LAINNYA (SIUP-IUT-IUI-PROP KBLI 2020); AKTIVITAS PENUNJANG PERTAMBANGAN MINYAK BUMI DAN GAS ALAM (SIUP-IUT-IUI-PROP KBLI 2020);",PENYEDIAAN 1 (SATU) UNIT PERANGKAT PEMBORAN KAPASITAS MINIMUM 550 HP UNTUK PEMBORAN SUMUR DI WILAYAH PT. PERTAMINA EP PENDOPO,"https://civdmigas.skkmigas.go.id/download/tnd/ann.jwebs?id=57bd6e62-7f92-4d00-874f-ec70fcd2321c, https://civdmigas.skkmigas.go.id/download/tnd/ann.jwebs?id=04a6ef25-f0c6-41ef-b1ab-587f120e7d77"
PEMBORONGAN PEKERJAAN CLEANING SERVICES DALAM RUANGAN (INDOOR) DAN LUAR RUANGAN (OUTDOOR),Undangan Prakualifikasi,PT PERTAMINA EP,24 Mar 2025,Menengah,Jasa,AKTIVITAS KEBERSIHAN BANGUNAN DAN INDUSTRI LAINNYA (SIUP-IUT-IUI-PROP KBLI 2020); AKTIVITAS KEBERSIHAN UMUM BANGUNAN (SIUP-IUT-IUI-PROP KBLI 2020);,PEMBORONGAN PEKERJAAN CLEANING SERVICES DALAM RUANGAN (INDOOR) DAN LUAR RUANGAN (OUTDOOR) DI WILAYAH PERKANTORAN DAN FASILITAS UMUM PT PERTAMINA EP ZONA 7 JATIBARANG FIELD,https://civdmigas.skkmigas.go.id/download/tnd/ann.jwebs?id=37bc2fdc-7a1c-4ad5-af4f-1ee331f02371
PENAMBAHAN TRAILER DAN PRIME MOVER UNTUK MENDUKUNG OPERASI WORKOVER DAN WELL SERVICES RIG HOIST DI F,Undangan Prakualifikasi,PERTAMINA HULU ENERGI WMO,25 Mar 2025,Kecil,Jasa,"PERDAGANGAN BESAR MESIN, PERALATAN DAN PERLENGKAPAN LAINNYA (SIUP-IUT-IUI-PROP KBLI 2020);",PENAMBAHAN TRAILER DAN PRIME MOVER UNTUK MENDUKUNG OPERASI WORKOVER DAN WELL SERVICES RIG HOIST DI FIELD RANTAU,https://civdmigas.skkmigas.go.id/download/tnd/ann.jwebs?id=b2267da7-e14e-4750-a424-4fd1e507de4c
Pengadaan Rock Bit untuk Donggi Matindok Field,Undangan Prakualifikasi,PT PERTAMINA EP CEPU,24 Mar 2025,"Besar, Menengah",Barang,"PERDAGANGAN BESAR MESIN, PERALATAN DAN PERLENGKAPAN LAINNYA (SIUP-IUT-IUI-PROP KBLI 2020); AKTIVITAS PENUNJANG PERTAMBANGAN DAN PENGGALIAN LAINNYA (SIUP-IUT-IUI-PROP KBLI 2020); INDUSTRI BARANG LOGAM LAINNYA DAN JASA PEMBUATAN BARANG LOGAM (SIUP-IUT-IUI-PROP KBLI 2020); AKTIVITAS PENUNJANG PERTAMBANGAN MINYAK BUMI DAN GAS ALAM (SIUP-IUT-IUI-PROP KBLI 2020);","Pengadaan Rock Bit 36, 26, 17, 12 1/4,8,6 Inch PEP Field Donggi Matindok Offshore","https://civdmigas.skkmigas.go.id/download/tnd/ann.jwebs?id=dbe4cfc4-1f47-43c6-bb85-f182d85aba1e, https://civdmigas.skkmigas.go.id/download/tnd/ann.jwebs?id=5706e321-6e90-4fdb-87d5-ed159007022c"
PENGADAAN JASA PEMAKAIAN H2S SCAVENGER SECARA PERFORMANCE BASED DI PT PERTAMINA EP ZONA 7 TAMBUN,Undangan Prakualifikasi,PT PERTAMINA EP,24 Mar 2025,Menengah,Jasa,INDUSTRI BARANG KIMIA LAINNYA YTDL (SIUP-IUT-IUI-PROP KBLI 2020); INDUSTRI KIMIA DASAR ORGANIK YANG MENGHASILKAN BAHAN KIMIA KHUSUS (SIUP-IUT-IUI-PROP KBLI 2020); INDUSTRI KIMIA DASAR ORGANIK LAINNYA (SIUP-IUT-IUI-PROP KBLI 2020);,PENGADAAN JASA PEMAKAIAN H2S SCAVENGER SECARA PERFORMANCE BASED DI PT PERTAMINA EP ZONA 7 TAMBUN FIELD (Tender No. SX13049111A),https://civdmigas.skkmigas.go.id/download/tnd/ann.jwebs?id=dd5f2b57-07f7-40ef-ab2b-6e84e05f3960
BG67083-1 : CLAMP 26 INCH,Undangan Prakualifikasi,PT MEDCO E&P INDONESIA,25 Mar 2025,"Besar, Menengah, Kecil",Barang,INDUSTRI PIPA DAN SAMBUNGAN PIPA DARI BAJA DAN BESI (SIUP-IUT-IUI-PROP KBLI 2020);,CLAMP 26 INCH,https://civdmigas.skkmigas.go.id/download/tnd/ann.jwebs?id=36f70053-78bf-4326-a425-c665b50f82d9
BS69637 : Pengadaan Fan Chloride,Undangan Prakualifikasi,PT MEDCO E&P INDONESIA,24 Mar 2025,Kecil,Barang,"PERDAGANGAN BESAR MESIN, PERALATAN DAN PERLENGKAPAN LAINNYA (SIUP-IUT-IUI-PROP KBLI 2020);",Pengadaan Fan Chloride,https://civdmigas.skkmigas.go.id/download/tnd/ann.jwebs?id=2f80ee0c-4168-4a10-a307-f9ba501b5f88
Penyediaan Pekerja Jasa Penunjang Field Tanjung III - Production dan Project,Undangan Prakualifikasi,PT PERTAMINA HULU MAHAKAM,24 Mar 2025,"Menengah, Kecil",Jasa,AKTIVITAS PENYEDIAAN TENAGA KERJA WAKTU TERTENTU (SIUP-IUT-IUI-PROP KBLI 2020); PENYEDIAAN SUMBER DAYA MANUSIA DAN MANAJEMEN FUNGSI SUMBER DAYA MANUSIA (SIUP-IUT-IUI-PROP KBLI 2020);,Penyediaan Pekerja Jasa Penunjang Field Tanjung III - Production dan Project,"https://civdmigas.skkmigas.go.id/download/tnd/ann.jwebs?id=e2f77a11-1c69-4332-acf3-72b17b06d5d5, https://civdmigas.skkmigas.go.id/download/tnd/ann.jwebs?id=1955ea1f-c73a-4607-82ae-d53e5041a50a"
"Prakualifikasi No. PQ16049057A: JASA HYDRAULIC FRACTURING UNIT, COILED TUBING DAN NITROGEN MEMBRANE",Undangan Prakualifikasi,PT PERTAMINA HULU MAHAKAM,25 Mar 2025,"Besar, Menengah",Jasa,AKTIVITAS PENUNJANG PERTAMBANGAN MINYAK BUMI DAN GAS ALAM (SIUP-IUT-IUI-PROP KBLI 2020);,"1. Menyediakan Jasa Fracturing, Coilde Tubing, Membran Nitrogen dan down hole equipment untuk Pekerjaan Stimulasi dan well testing- Alat Pelindung Diri. 2. Memiliki Peralatan Utama (Farcturing, Coiled Tubing, dan Membrane Nitrogen) yang siap pakai.",https://civdmigas.skkmigas.go.id/download/tnd/ann.jwebs?id=a1a14698-7c21-40df-b319-393ac08293f3
Technical Services Contract for Marine Consultancy Services [for PHE ONWJ],Undangan Prakualifikasi,PT PERTAMINA EP,24 Mar 2025,"Besar, Menengah, Kecil",Jasa,AKTIVITAS PENUNJANG ANGKUTAN (SIUP-IUT-IUI-PROP KBLI 2020); AKTIVITAS PENUNJANG ANGKUTAN PERAIRAN (SIUP-IUT-IUI-PROP KBLI 2020);,"PT Pertamina Hulu Energi Offshore North West Java membutuhkan KONTRAKTOR untuk melakukan Pekerjaan Jasa-Jasa Konsultansi Marine (Marine Consultancy Services), meliputi Jack Up Drilling Rig Move dan Barge Move, Towage & Transportation Approval, Suitability","https://civdmigas.skkmigas.go.id/download/tnd/ann.jwebs?id=4157dd8c-0604-4df2-b26b-918cf311f89e, https://civdmigas.skkmigas.go.id/download/tnd/ann.jwebs?id=b5769097-1dd7-4928-a714-ac457dfdbc27"
Blanket Order for Supply of Oceanic HW-525,Undangan Prakualifikasi,STAR ENERGY (KAKAP) LTD.,26 Mar 2025,"Besar, Menengah, Kecil",Barang,"PERDAGANGAN BESAR BAHAN BAKAR PADAT, CAIR DAN GAS DAN PRODUK YBDI (SIUP-IUT-IUI-PROP KBLI 2020); PERDAGANGAN BESAR BAHAN DAN BARANG KIMIA (SIUP-IUT-IUI-PROP KBLI 2020); PERDAGANGAN BESAR BAHAN DAN BARANG KIMIA (SIUP-IUT-IUI-PROP KBLI 2020);","Supply Fluid, Hydraulic, Drum/205I, Oceanic HW-525, 8.665lb/gl, 1.039 Specific Gravity, Blue, Plastic Package.",https://civdmigas.skkmigas.go.id/download/tnd/ann.jwebs?id=5f786104-c78b-4dbf-a0fb-340e1962cc3d
Layanan Infrastruktur Petroteknikal Subholding Upstream Paket 2,Undangan Prakualifikasi,PT PERTAMINA EP,24 Mar 2025,Besar,Jasa,"AKTIVITAS TEKNOLOGI INFORMASI DAN JASA KOMPUTER LAINNYA (SIUP-IUT-IUI-PROP KBLI 2020); PERDAGANGAN BESAR KOMPUTER, PERLENGKAPAN KOMPUTER DAN PIRANTI LUNAK (SIUP-IUT-IUI-PROP KBLI 2020);","Managed Service & Solution antara lain berupa layanan komputasi, layanan virtualisasi, layanan infrastruktur network & link, layanan IT Security, layanan komputasi 2D, 3D, High Performance Computing (HPC), layanan pemasangan lisensi, database, Virtual Dat",https://civdmigas.skkmigas.go.id/download/tnd/ann.jwebs?id=a3850c1a-9c5e-4f92-9ab4-a8e76ffad0aa
FIRE TRUCK,Undangan Prakualifikasi,PETROCHINA INTERNATIONAL JABUNG LTD.,24 Mar 2025,"Besar, Menengah, Kecil",Barang,INDUSTRI KAROSERI KENDARAAN BERMOTOR RODA EMPAT ATAU LEBIH DAN INDUSTRI TRAILER DAN SEMI TRAILER (SIUP-IUT-IUI-PROP KBLI 2020);,Kami mengundang para rekanan untuk pengadaan terkait barang FIRE TRUCK,https://civdmigas.skkmigas.go.id/download/tnd/ann.jwebs?id=4d55bed9-c33b-4084-b084-98af5f825d33
Call Off Order (COO) Safety Shoes PT Pertamina Hulu Sanga Sanga,Pelelangan Umum,PT PERTAMINA HULU MAHAKAM,24 Mar 2025,"Besar, Menengah, Kecil",Barang,"PERDAGANGAN BESAR MESIN, PERALATAN DAN PERLENGKAPAN LAINNYA (SIUP-IUT-IUI-PROP KBLI 2020); PERDAGANGAN BESAR ALAS KAKI (SIUP-IUT-IUI-PROP KBLI 2020); PERDAGANGAN BESAR BERBAGAI MACAM BARANG (SIUP-IUT-IUI-PROP KBLI 2020); PERDAGANGAN BESAR BERBAGAI MACAM BARANG (SIUP-IUT-IUI-PROP KBLI 2020);",Pengadaan Call Off Order Safety Shoes PT Pertamina Hulu Sanga Sanga Selama 3 Tahun,"https://civdmigas.skkmigas.go.id/download/tnd/ann.jwebs?id=0e39bb32-7449-486a-aa48-09ef61e0bd55, https://civdmigas.skkmigas.go.id/download/tnd/ann.jwebs?id=3190ed11-098d-4c82-85de-325cf500d82d"
"Environmental Assessment of Jabung Block 2025-2029, Jambi province",Undangan Prakualifikasi,PETROCHINA INTERNATIONAL JABUNG LTD.,24 Mar 2025,Besar,Jasa,AKTIVITAS JASA PERORANGAN LAINNYA YTDL (SIUP-IUT-IUI-PROP KBLI 2020);,Melakukan Pemantauan Mutu Lingkungan Hidup dengan Melanjutkan Kegiatan Pemantauan yang Telah Dilaksanakan Sebelumnya dan Evaluasi Kinerja Lingkungan Hidup.,https://civdmigas.skkmigas.go.id/download/tnd/ann.jwebs?id=d1bc6e1d-bc12-42e4-ace3-5e9ea2dd804f
TENDER NO.15211 OPR 25/ R1_PENYEDIAAN JASA SEWA 11 UNIT PERALATAN BERAT UNTUK DUA TAHUN,Pelelangan Umum,CITIC SERAM ENERGY LIMITED,26 Mar 2025,Besar,Jasa,"PERDAGANGAN BESAR MESIN, PERALATAN DAN PERLENGKAPAN LAINNYA (SIUP-IUT-IUI-PROP KBLI 2020); ANGKUTAN BERMOTOR UNTUK BARANG UMUM (SIUP-IUT-IUI-PROP KBLI 2020); PENYEWAAN ALAT KONSTRUKSI DENGAN OPERATOR (SIUP-IUT-IUI-PROP KBLI 2020);","PENYEDIAAN JASA SEWA MOTRO GRADER, BULDOZER, VIBRATING DRUM, LOWBOY, EXCAVATOR, DUMP TRUCK, CRANE, FORKLIFT DAN LAIN-LAIN BESERTA OPERATORNYA UNTUK MENUNJANG KEGIATAN OPERASION CSEL DI LAPANGAN BULA, SERAM BAGAIAN TIMUR, PULAU SERAM, MALUKU",https://civdmigas.skkmigas.go.id/download/tnd/ann.jwebs?id=21f08202-13a5-4377-8a21-1effd889d6ce
Pengadaan Material Sulphuric Acid Drain Pump,Undangan Prakualifikasi,JOB PERTAMINA - MEDCO E&P TOMORI SULAWESI,24 Mar 2025,"Besar, Menengah, Kecil",Barang,"PERDAGANGAN BESAR MESIN KANTOR DAN INDUSTRI PENGOLAHAN, SUKU CADANG DAN PERLENGKAPANNYA (SIUP-IUT-IUI-PROP KBLI 2020); INDUSTRI POMPA LAINNYA, KOMPRESOR, KRAN DAN KLEP/KATUP (SIUP-IUT-IUI-PROP KBLI 2020); PERDAGANGAN BESAR MESIN, PERALATAN DAN PERLENGKAPAN LAINNYA (SIUP-IUT-IUI-PROP KBLI 2020);",Pengadaan material Sulphuric Acid Drain Pump untuk transfer H2SO4 closed drain kembali ke dalam storage tank (Pabrikan/ Agen/ Distributor/ Penyedia barang yang ditunjuk pabrikan dengan min. TKDN 25%),https://civdmigas.skkmigas.go.id/download/tnd/ann.jwebs?id=80efb8a3-25b3-40fb-86c3-246a38482ca9
Prakualifikasi No. GX14048848A : Pengadaan Material Vibration Switch-Metrix,Undangan Prakualifikasi,PT PERTAMINA HULU MAHAKAM,24 Mar 2025,Kecil,Barang,"PERDAGANGAN BESAR MESIN, PERALATAN DAN PERLENGKAPAN LAINNYA (SIUP-IUT-IUI-PROP KBLI 2020);","Gol. Usaha : Usaha Kecil/Pabrikan/Agen/Distributor/Penyedia yg ditunjuk, Bat. Min. TKDN : 0%, Ris. Pekerjaan : Rendah, Dom. Cal. Peserta Tender : Prov. setempat, yaitu : Kal-Tim Kat. Barang : Barang Non-APDN, Pemuka Konsorsium : PDN",https://civdmigas.skkmigas.go.id/download/tnd/ann.jwebs?id=d6c5b0b0-9d53-43e1-9440-11a0b1dff75b
Surat Persetujuan Procurement List 2025,Daftar Pengadaan/Procurement List,SKK Migas,31 Des 2025,"Daftar, Pengadaan/Procurement, List",N/A,N/A,"Merujuk Ketentuan PTK007 Buku Kedua Revisi 05 Tahun 2023, Bab VI, Angka 3 terkait dengan Penyusunan Daftar Pengadaan (Procurement List); terlampir disampaikan Procurement List 2025 berstatus Future Tender (Kode 1) yang telah disetujui.",https://civdmigas.skkmigas.go.id/download/tnd/ann.jwebs?id=6fff8272-b00d-4241-893c-895a39fec18b
